"","p_val","avg_log2FC","pct.1","pct.2","p_val_adj","cluster","gene","pct_diff"
"1",7.88348333743984e-11,3.51304817794387,0.024,0.006,1.04605940404489e-06,"0","Aldh1a2",0.018
"2",5.59435411415095e-13,3.34933813777946,0.033,0.01,7.4231484740669e-09,"0","Rgs5",0.023
"3",0.00717397731063105,2.46328996426899,0.013,0.007,1,"0","Alx3",0.006
"4",0.0015388320770584,2.21685266764759,0.011,0.004,1,"0","Gucy1a1",0.007
"5",1.72625220167043e-06,2.17239438067702,0.032,0.015,0.022905640463965,"0","Camk2n2",0.017
"6",2.81195885054213e-06,2.11957836165766,0.032,0.015,0.0373118819878435,"0","Gsta4",0.017
"7",2.39444496822538e-05,2.04515598456667,0.047,0.028,0.317718902833826,"0","Aard",0.019
"8",0.00148239788624004,1.98259462519378,0.017,0.008,1,"0","Fxyd7",0.009
"9",1.09288099476597e-46,1.93650345398147,0.243,0.124,1.45014379195496e-42,"0","Pfn2",0.119
"10",0.000623516722041255,1.92312116310442,0.046,0.031,1,"0","Tfap2b",0.015
"11",2.29214524397659e-12,1.85037186968008,0.132,0.085,3.04144752423254e-08,"0","Six2",0.047
"12",0.000314086011742179,1.82785436620682,0.006,0.017,1,"0","Tmem200a",-0.011
"13",0.000773344786542859,1.81415187840337,0.008,0.018,1,"0","Emx2",-0.01
"14",4.64882430218925e-89,1.80409296758025,0.373,0.184,6.16852496657491e-85,"0","Myl9",0.189
"15",0.00232285169569946,1.75827441877039,0.008,0.017,1,"0","Gm10561",-0.009
"16",0.00111352652629769,1.66745224707281,0.008,0.018,1,"0","1110002L01Rik",-0.01
"17",4.94361896609604e-06,1.65311900207899,0.052,0.031,0.0655968800611284,"0","Actg2",0.021
"18",9.00779906704789e-65,1.64730210310025,0.339,0.18,1.19524485820658e-60,"0","Acta2",0.159
"19",0.00326792795202986,1.59317406608776,0.022,0.013,1,"0","Mlip",0.009
"20",8.6439529696662e-31,1.5930540751179,0.234,0.14,1.14696611954501e-26,"0","Prrx2",0.094
"21",5.65780571289723e-27,1.59157078805305,0.174,0.092,7.50734240044333e-23,"0","Rbp1",0.082
"22",0.000195580384592804,1.5758385038537,0.004,0.013,1,"0","Cldn12",-0.009
"23",1.71542668727981e-67,1.56744438336273,0.348,0.182,2.27619967135158e-63,"0","Tagln",0.166
"24",0.000543232549336615,1.53495283764086,0.011,0.023,1,"0","Mllt11",-0.012
"25",0.00466982511117619,1.53486616420165,0.004,0.011,1,"0","Gm14326",-0.007
"26",3.58660405239908e-20,1.52666446510708,0.184,0.114,4.75906491712834e-16,"0","Fmo1",0.07
"27",2.95463141536383e-20,1.51725719068876,0.174,0.104,3.92050042504626e-16,"0","Crabp1",0.07
"28",0.000426084909482517,1.50789471711176,0.008,0.019,1,"0","Tspyl4",-0.011
"29",0.00705040834995531,1.5071691992194,0.025,0.016,1,"0","Mxd3",0.009
"30",0.00961943351020881,1.49116387214395,0.012,0.021,1,"0","Tmsb15b1",-0.009
"31",1.51961498394818e-19,1.48064096537422,0.19,0.12,2.01637712220084e-15,"0","H1fx",0.07
"32",2.50145947360594e-05,1.47683233854826,0.001,0.01,0.331918657552773,"0","Hist1h4h",-0.009
"33",0.00101922208567699,1.47058365653226,0.004,0.012,1,"0","2700038G22Rik",-0.008
"34",0.00692867762185712,1.47002191303411,0.01,0.019,1,"0","Atp5s",-0.009
"35",1.67100245019347e-12,1.46060560697943,0.144,0.094,2.21725315116171e-08,"0","Cryab",0.05
"36",0.000815448340269525,1.45826349970762,0.004,0.012,1,"0","A430033K04Rik",-0.008
"37",9.3152844826967e-05,1.45353289769851,0.093,0.07,1,"0","Crabp2",0.023
"38",5.87046377268884e-07,1.44933139766439,0.137,0.104,0.00778951837998082,"0","Tgfb1i1",0.033
"39",0.00151828423459067,1.4439592927729,0.006,0.014,1,"0","2810433D01Rik",-0.008
"40",5.42504145351291e-63,1.43062048247618,0.388,0.234,7.19848750466627e-59,"0","Tpm2",0.154
"41",0.00844749861859088,1.41742109136323,0.007,0.014,1,"0","2900093K20Rik",-0.007
"42",0.00866184902411941,1.41445375989812,0.005,0.012,1,"0","Akap17b",-0.007
"43",2.33759968964678e-05,1.41034525952228,0.006,0.019,0.310176102819231,"0","Zfp40",-0.013
"44",7.278865593746e-09,1.40518577958274,0.151,0.111,9.65832675634156e-05,"0","Rab13",0.04
"45",0.00595311795643165,1.40119110588658,0.006,0.013,1,"0","Uhrf1bp1",-0.007
"46",0.000106721150260946,1.38030469244289,0.012,0.027,1,"0","Tead3",-0.015
"47",0.00938081485260566,1.37324979081776,0.008,0.016,1,"0","Exo5",-0.008
"48",0.00239398275523711,1.37207377635668,0.011,0.022,1,"0","Zbtb24",-0.011
"49",0.00683506473592346,1.36843030983732,0.004,0.01,1,"0","Lmx1a",-0.006
"50",1.31500156257073e-05,1.36518926679834,0.1,0.073,0.17448755733751,"0","Uchl1",0.027
"51",4.59951334863847e-40,9.87053922882602,0.032,0,6.10309426230839e-36,"1","Fcgr4",0.032
"52",7.36016196867485e-32,9.79526665995632,0.025,0,9.76619891623466e-28,"1","Cdhr3",0.025
"53",4.86135135467981e-31,9.62933666254601,0.024,0,6.45052711252465e-27,"1","Fcna",0.024
"54",6.12617085533791e-79,9.27196836661687,0.065,0,8.12881610794787e-75,"1","Gpr34",0.065
"55",1.15811624980323e-23,9.16518749186574,0.018,0,1.53670445186391e-19,"1","Siglece",0.018
"56",9.63234696601013e-19,9.1578286360272,0.014,0,1.27811611891988e-14,"1","Phf11b",0.014
"57",1.45664195773571e-19,9.04514230882052,0.015,0,1.93281821371951e-15,"1","Asb10",0.015
"58",6.37307734290922e-18,8.77415964561466,0.013,0,8.45643632630624e-14,"1","Lair1",0.013
"59",1.68300753921616e-32,7.9868992111384,0.028,0.001,2.23318270378592e-28,"1","Cysltr1",0.027
"60",0.00020514905453794,7.09448538963895,0.01,0.003,1,"1","Stfa1",0.007
"61",2.82541174848617e-17,6.97113202838761,0.015,0,3.74903884906629e-13,"1","Pik3ap1",0.015
"62",2.15032465002894e-116,6.88433831910288,0.096,0,2.85326577812341e-112,"1","Ifi204",0.096
"63",2.45012792770418e-84,6.81114984898927,0.071,0.001,3.25107474727067e-80,"1","Ccl24",0.07
"64",3.10019378504428e-111,6.72174967364352,0.094,0.001,4.11364713337525e-107,"1","Epsti1",0.093
"65",8.88614871000031e-14,6.69653921425694,0.013,0.001,1.17910307232994e-09,"1","Gpr141",0.012
"66",8.31289750203157e-161,6.66740803872437,0.138,0.002,1.10303836954457e-156,"1","Ighm",0.136
"67",2.7316293629047e-42,6.64885761809702,0.036,0.001,3.62459900163825e-38,"1","Slc46a3",0.035
"68",2.18414696855896e-27,6.54127997515019,0.025,0.001,2.89814461258089e-23,"1","Ifi211",0.024
"69",0,6.52608820462695,0.666,0.017,0,"1","C1qc",0.649
"70",7.56187743879386e-160,6.51916239836306,0.137,0.002,1.00338551735356e-155,"1","Ltc4s",0.135
"71",5.08718606169531e-133,6.44280406526681,0.112,0.001,6.7501871852635e-129,"1","Ebi3",0.111
"72",0,6.44199863757149,0.656,0.018,0,"1","C1qa",0.638
"73",7.31141926359399e-46,6.43612815736328,0.038,0,9.70152222086287e-42,"1","Tnni2",0.038
"74",1.32631524989666e-306,6.41065054311409,0.26,0.004,1.75988770508788e-302,"1","Clec4a2",0.256
"75",2.99553719032497e-53,6.40322027067476,0.045,0,3.9747782978422e-49,"1","Tifab",0.045
"76",7.24543700133398e-61,6.39868720374137,0.053,0.001,9.61397035707006e-57,"1","Il21r",0.052
"77",4.45965950447383e-54,6.39630952225531,0.045,0,5.91752219648632e-50,"1","Folr2",0.045
"78",3.49900422708137e-19,6.34463896846415,0.016,0,4.64282870891427e-15,"1","D630023F18Rik",0.016
"79",0,6.30399141816152,0.45,0.008,0,"1","Fcrls",0.442
"80",1.58281822353197e-113,6.29661121917382,0.1,0.002,2.10024150080457e-109,"1","Aoah",0.098
"81",0,6.27860315430696,0.272,0.005,0,"1","Ms4a6b",0.267
"82",0,6.27079883062802,0.823,0.041,0,"1","Pf4",0.782
"83",4.77148125240149e-143,6.19953359676619,0.126,0.002,6.33127847381154e-139,"1","P2ry6",0.124
"84",7.12505866652176e-221,6.17499712176218,0.191,0.003,9.45424034460772e-217,"1","Cd300c2",0.188
"85",2.05652406519656e-25,6.15517425405934,0.022,0,2.72880178210931e-21,"1","Alox5",0.022
"86",0,6.10009484434761,0.287,0.005,0,"1","Ms4a7",0.282
"87",0,6.06805158067886,0.446,0.009,0,"1","Aif1",0.437
"88",0,6.06596201258671,0.73,0.032,0,"1","C1qb",0.698
"89",3.78556059986154e-189,6.04650444021353,0.165,0.003,5.02306035995627e-185,"1","Crybb1",0.162
"90",4.72367395966138e-77,6.04056832955088,0.067,0.001,6.26784297707468e-73,"1","Lyve1",0.066
"91",1.60021494272929e-20,6.00073073443845,0.018,0,2.1233252075075e-16,"1","Ppbp",0.018
"92",3.14314853283714e-44,5.99507847254106,0.037,0,4.1706437882216e-40,"1","Clec5a",0.037
"93",1.2380181334898e-12,5.98441967125616,0.01,0,1.64272626132761e-08,"1","Card9",0.01
"94",3.17450191974153e-29,5.98047694453205,0.026,0.001,4.21224659730504e-25,"1","Apoc1",0.025
"95",2.85267389222166e-137,5.93160721496804,0.121,0.002,3.78521298758892e-133,"1","Cryba4",0.119
"96",6.47473815800271e-105,5.93158634546493,0.097,0.003,8.5913300618538e-101,"1","Cd300a",0.094
"97",4.24670814407201e-221,5.89089001917836,0.206,0.006,5.63495703636916e-217,"1","Tnfaip8l2",0.2
"98",6.75626390311701e-19,5.86386207165826,0.016,0,8.96488657304596e-15,"1","Ifitm6",0.016
"99",1.02064493068753e-166,5.84623673201573,0.148,0.003,1.35429375852928e-162,"1","C5ar1",0.145
"100",0,5.82692559513906,0.458,0.016,0,"1","Spi1",0.442
"101",2.8791278196956e-80,9.78326905688069,0.063,0,3.82031470395409e-76,"2","Lrp1b",0.063
"102",4.81263728067602e-47,8.76937871776584,0.037,0,6.38588840772901e-43,"2","Luzp2",0.037
"103",7.82657658371912e-49,8.44697837759558,0.038,0,1.03850844689369e-44,"2","Gm26601",0.038
"104",1.4172550909218e-42,7.88954982729443,0.033,0,1.88055578014413e-38,"2","Ncam2",0.033
"105",4.43319820927154e-30,7.76622358773139,0.023,0,5.8824107038824e-26,"2","Mdga2",0.023
"106",5.18198229959353e-14,7.24503610990036,0.01,0,6.87597231333066e-10,"2","Gjb2",0.01
"107",1.45043333889728e-22,7.08435093982071,0.018,0,1.9245799973828e-18,"2","Zfp940",0.018
"108",1.06988705676917e-29,6.98750471751363,0.024,0,1.41963313562701e-25,"2","C1qtnf7",0.024
"109",7.75367740148146e-24,6.9774166039941,0.018,0,1.02883545440257e-19,"2","Rorb",0.018
"110",2.62037315161581e-53,6.94327575823249,0.042,0,3.47697313487902e-49,"2","Gm26945",0.042
"111",4.81263728067602e-47,6.80984408368423,0.037,0,6.38588840772901e-43,"2","Sgcz",0.037
"112",4.43319820927154e-30,6.79119867596299,0.023,0,5.8824107038824e-26,"2","Tub",0.023
"113",2.31372772490689e-44,6.79060817507005,0.035,0,3.07008531817896e-40,"2","Tmem132c",0.035
"114",4.43319820927154e-30,6.75841580639508,0.023,0,5.8824107038824e-26,"2","Pcdhga3",0.023
"115",1.27576172649949e-25,6.75794003871447,0.019,0,1.69280823489218e-21,"2","Nudt11",0.019
"116",1.63667987057857e-26,6.7038389236327,0.02,0,2.17171052027071e-22,"2","Olfm2",0.02
"117",1.718568978095e-44,6.70153420516709,0.037,0,2.28036917703425e-40,"2","Cdh4",0.037
"118",3.4647885441393e-42,6.69998599063676,0.034,0,4.59742791921844e-38,"2","Cntn3",0.034
"119",1.0728877053862e-16,6.67951492942365,0.012,0,1.42361469627695e-12,"2","Ric3",0.012
"120",4.71603192022419e-22,6.67806575808627,0.017,0,6.25770275494547e-18,"2","Echdc3",0.017
"121",2.87221396220157e-20,6.67626815710279,0.015,0,3.81114070644526e-16,"2","Nell2",0.015
"122",1.75282525744493e-18,6.63164546872321,0.014,0,2.32582383410368e-14,"2","Bbof1",0.014
"123",8.56590672252678e-29,6.57398973230731,0.023,0,1.13661016301208e-24,"2","Kcnb2",0.023
"124",6.04626591719477e-23,6.51972221533502,0.017,0,8.02279024552574e-19,"2","Grin2b",0.017
"125",2.87221396220157e-20,6.47465309670775,0.015,0,3.81114070644526e-16,"2","Prcd",0.015
"126",1.10198043743079e-29,6.45642848372062,0.024,0,1.46221784242692e-25,"2","Gng3",0.024
"127",6.59518023731195e-15,6.42178480861507,0.011,0,8.75114465688923e-11,"2","Gm48682",0.011
"128",8.07314350562877e-42,6.37884658893439,0.035,0,1.07122541176188e-37,"2","Naaladl2",0.035
"129",1.91954929612349e-15,6.36869593977861,0.012,0,2.54704996102626e-11,"2","Elfn1",0.012
"130",3.59317634470022e-82,6.35267033699075,0.067,0,4.76778569178272e-78,"2","Mrgprf",0.067
"131",4.44468469409036e-59,6.34722973971959,0.051,0.001,5.8976521205885e-55,"2","Gm26802",0.05
"132",5.6861972906543e-31,6.32591841341252,0.024,0,7.54501518496919e-27,"2","Slc27a6",0.024
"133",3.67966182695722e-21,6.31029806455387,0.016,0,4.88254327818953e-17,"2","Zfp804b",0.016
"134",1.11288910791298e-29,6.27305592913982,0.024,0,1.47669255728973e-25,"2","5730507C01Rik",0.024
"135",5.07151026788664e-27,6.24354244573394,0.022,0,6.72938697445879e-23,"2","Arsj",0.022
"136",4.64928218674775e-60,6.24155604006967,0.048,0,6.1691325335956e-56,"2","Tnfrsf11b",0.048
"137",9.70595511841141e-46,6.2229601504502,0.037,0,1.28788318466201e-41,"2","Tnxb",0.037
"138",1.0728877053862e-16,6.21561455464784,0.012,0,1.42361469627695e-12,"2","Slc13a4",0.012
"139",2.82400297324933e-41,6.18338541315495,0.033,0,3.74716954520454e-37,"2","Grid2",0.033
"140",3.2308610500582e-37,6.16963532301358,0.029,0,4.28702952732222e-33,"2","3110021N24Rik",0.029
"141",7.29234154491456e-32,6.15014534386897,0.025,0,9.67620799594713e-28,"2","Gpr137c",0.025
"142",1.63667987057857e-26,6.14470255576446,0.02,0,2.17171052027071e-22,"2","Nckap5",0.02
"143",1.12127096761253e-21,6.1341253199914,0.017,0,1.48781444692507e-17,"2","Scn2b",0.017
"144",1.0728877053862e-16,6.11410256224231,0.012,0,1.42361469627695e-12,"2","AC130815.2",0.012
"145",6.04626591719477e-23,6.11094513132854,0.017,0,8.02279024552574e-19,"2","A330035P11Rik",0.017
"146",2.47496317137048e-16,6.08850345211628,0.013,0,3.28402863209149e-12,"2","Gjb6",0.013
"147",1.81117010560281e-43,6.06528357348901,0.034,0,2.40324161312437e-39,"2","Gm47469",0.034
"148",7.29234154491456e-32,6.06190563971009,0.025,0,9.67620799594713e-28,"2","Hdx",0.025
"149",1.17143256350152e-13,6.04451189406013,0.011,0,1.55437386851016e-09,"2","Gpr88",0.011
"150",1.67022145159408e-23,6.02392560785387,0.022,0.001,2.21621684412018e-19,"2","Serpini1",0.021
"151",1.99473653961349e-24,9.07977560840354,0.018,0,2.64681591441314e-20,"3","Epb42",0.018
"152",5.60652564027706e-19,7.92624899059783,0.014,0,7.43929887208363e-15,"3","Rhag",0.014
"153",1.30827889331069e-14,7.86803894268523,0.01,0,1.73595526353395e-10,"3","Hemgn",0.01
"154",6.9125431954403e-18,7.70866204319909,0.013,0,9.17225356602973e-14,"3","F930017D23Rik",0.013
"155",0,6.16888987051491,0.251,0.002,0,"3","Tspo2",0.249
"156",0,5.76207054041753,0.324,0.005,0,"3","Slc4a1",0.319
"157",1.61742685994425e-51,5.589090169166,0.043,0.001,2.14616370046002e-47,"3","Hbq1b",0.042
"158",0,5.54138678192885,0.675,0.026,0,"3","Fam46c",0.649
"159",5.15799754571438e-96,5.53203709758446,0.079,0.001,6.84414694340842e-92,"3","Spta1",0.078
"160",3.57705056977281e-137,5.41920279514898,0.114,0.001,4.74638840103154e-133,"3","Trim10",0.113
"161",0,5.26689181898333,0.92,0.061,0,"3","Alas2",0.859
"162",0,5.22977596523027,0.719,0.042,0,"3","Slc25a37",0.677
"163",0,5.12105730641345,0.422,0.01,0,"3","Gypa",0.412
"164",0,5.03012866732493,0.999,0.707,0,"3","Hbb-bt",0.292
"165",2.31941618893868e-39,4.97912571900787,0.036,0.001,3.07763334110273e-35,"3","Nxpe2",0.035
"166",0,4.92615984970594,0.691,0.036,0,"3","Bpgm",0.655
"167",0,4.91390638013648,1,0.769,0,"3","Hba-a2",0.231
"168",0,4.89844569286145,1,0.83,0,"3","Hba-a1",0.17
"169",4.04039028417259e-229,4.88943768880099,0.208,0.006,5.36119386806862e-225,"3","Isg20",0.202
"170",4.03371574483195e-28,4.82635554456811,0.023,0,5.35233742181751e-24,"3","Gm32051",0.023
"171",0,4.82267620265913,1,0.938,0,"3","Hbb-bs",0.0620000000000001
"172",3.01214517756481e-124,4.78260947403278,0.107,0.002,3.99681543611075e-120,"3","Sptb",0.105
"173",8.84530429374735e-300,4.78244844937404,0.286,0.011,1.17368342673734e-295,"3","Car2",0.275
"174",0,4.72996797960324,0.661,0.055,0,"3","Epb41",0.606
"175",2.94319377349988e-165,4.71378362214,0.164,0.007,3.90532381805699e-161,"3","E2f2",0.157
"176",1.25782442645014e-43,4.67545102136534,0.045,0.002,1.6690072314567e-39,"3","Ank1",0.043
"177",0,4.62945336997024,0.444,0.037,0,"3","Ube2o",0.407
"178",0,4.61306776130066,0.732,0.049,0,"3","Snca",0.683
"179",2.41328090035398e-40,4.49710125171241,0.037,0.001,3.2021824266797e-36,"3","Rsad2",0.036
"180",0,4.28541252086477,0.45,0.032,0,"3","Pnpo",0.418
"181",0,4.1851760849373,0.776,0.1,0,"3","Mkrn1",0.676
"182",1.25575316187101e-284,4.14892276451062,0.287,0.014,1.66625887048664e-280,"3","Fam210b",0.273
"183",1.26326248387099e-25,4.12360434866229,0.024,0.001,1.67622298984842e-21,"3","Kel",0.023
"184",0,4.1233408499172,0.73,0.078,0,"3","Fech",0.652
"185",0,4.10768078476919,0.524,0.038,0,"3","Cd24a",0.486
"186",4.91135476091692e-133,4.04731085976961,0.121,0.003,6.51687663226066e-129,"3","Rec114",0.118
"187",1.57483812214017e-65,4.04141847809871,0.072,0.004,2.0896527042678e-61,"3","Rhd",0.068
"188",8.6657011461536e-45,3.98579593446462,0.055,0.004,1.14985188508312e-40,"3","Syt14",0.051
"189",0,3.84695358452327,0.594,0.051,0,"3","Ube2l6",0.543
"190",6.81447385052876e-32,3.82176978131876,0.031,0.001,9.04212535226661e-28,"3","Mylk3",0.03
"191",1.17674705254481e-25,3.72510250863481,0.023,0.001,1.5614256640217e-21,"3","Gm867",0.022
"192",1.6439954142815e-44,3.70735534286622,0.042,0.001,2.18141751521012e-40,"3","Hbq1a",0.041
"193",7.38457180946271e-220,3.59923671490145,0.318,0.038,9.79858833397607e-216,"3","Bcl2l1",0.28
"194",1.26743006143227e-292,3.44088569548979,0.369,0.034,1.68175294851448e-288,"3","Cdc25b",0.335
"195",4.86299556101982e-10,3.41634369571898,0.01,0.001,6.4527088099172e-06,"3","Xk",0.009
"196",2.23085691898336e-134,3.30137105977522,0.219,0.031,2.96012404579903e-130,"3","Tfdp2",0.188
"197",3.64651166968834e-39,3.22953010508008,0.055,0.006,4.83855633450946e-35,"3","Tmod1",0.049
"198",3.74922767597739e-244,3.19863223180348,0.357,0.044,4.9748502032544e-240,"3","Cdr2",0.313
"199",5.57601080312294e-34,3.19178410357819,0.06,0.009,7.39880873466383e-30,"3","Gm16867",0.051
"200",0,3.14586373519401,0.627,0.097,0,"3","Fam220a",0.53
"201",8.15301142598629e-50,10.311899295465,0.034,0,1.08182308611412e-45,"4","Lhx6",0.034
"202",2.64367810243886e-84,8.71793320162923,0.06,0,3.50789647412612e-80,"4","Adgrl4",0.06
"203",1.50095791368554e-49,8.26255877368861,0.036,0,1.99162105566935e-45,"4","Chp2",0.036
"204",3.53968799662559e-60,7.68328560595933,0.045,0,4.69681200272249e-56,"4","Cyyr1",0.045
"205",5.51913127101821e-232,7.6001456785274,0.174,0.001,7.32333528351407e-228,"4","Sox18",0.173
"206",1.91331075028857e-140,7.29656620304956,0.11,0.001,2.5387720345579e-136,"4","Klhl4",0.109
"207",1.83049717064003e-119,7.26880501930278,0.096,0.001,2.42888669572226e-115,"4","Upp1",0.095
"208",2.45218398442865e-124,7.25644555486218,0.096,0.001,3.25380292893838e-120,"4","Gimap4",0.095
"209",5.682452696936e-235,7.2462009089867,0.181,0.001,7.54004648356437e-231,"4","Fam167b",0.18
"210",0,7.18935732522273,0.389,0.009,0,"4","Fabp4",0.38
"211",1.33574557689438e-41,7.16161419517454,0.032,0,1.77240080598115e-37,"4","Gpr182",0.032
"212",4.4074678682361e-50,7.12995057122904,0.042,0.001,5.84826911436249e-46,"4","Tcf15",0.041
"213",2.91964273014626e-39,7.06549547864025,0.032,0,3.87407393863107e-35,"4","Dll4",0.032
"214",1.58867683094058e-163,6.97358973685426,0.136,0.002,2.10801528697506e-159,"4","Aplnr",0.134
"215",1.08803603663699e-200,6.87196250014511,0.172,0.003,1.44371501701362e-196,"4","Gpihbp1",0.169
"216",5.96817120468428e-79,6.86683327615657,0.062,0.001,7.91916637149557e-75,"4","Ccm2l",0.061
"217",3.07179563968413e-96,6.75035625963805,0.1,0.003,4.07596563429688e-92,"4","Apln",0.097
"218",3.28063600296252e-36,6.74563385377473,0.026,0,4.35307591233096e-32,"4","Sncg",0.026
"219",1.8273572330366e-121,6.67652577820317,0.093,0.001,2.42472031251627e-117,"4","Sox17",0.092
"220",2.42520065767886e-277,6.61558659622351,0.246,0.005,3.21799875267408e-273,"4","Trp53i11",0.241
"221",4.46686868267128e-141,6.55305615143181,0.161,0.007,5.92708805503653e-137,"4","Clec14a",0.154
"222",0,6.53449909349631,0.329,0.006,0,"4","Emcn",0.323
"223",9.24786655792054e-66,6.48708788509934,0.053,0.001,1.22709941357048e-61,"4","8430408G22Rik",0.052
"224",3.11953972482653e-28,6.48149868078567,0.021,0,4.13931726087232e-24,"4","Ttc9",0.021
"225",6.30776881183516e-23,6.47155868163257,0.017,0,8.36977843642408e-19,"4","Kcna5",0.017
"226",1.00046119070253e-143,6.41738431368836,0.117,0.001,1.32751195394319e-139,"4","D030007L05Rik",0.116
"227",1.38162260354212e-41,6.31795811632883,0.032,0,1.83327503264004e-37,"4","9230102K24Rik",0.032
"228",4.57364162943453e-18,6.28570345639859,0.015,0,6.06876507809668e-14,"4","Etv4",0.015
"229",7.72312856001113e-281,6.24629519198698,0.24,0.004,1.02478192862788e-276,"4","Plvap",0.236
"230",3.60636281512142e-17,6.2444576282876,0.025,0.002,4.78528281938462e-13,"4","Arhgef28",0.023
"231",3.17643674403419e-98,6.2208090156349,0.081,0.001,4.21481391565896e-94,"4","Myct1",0.08
"232",1.41714529258891e-25,6.20923013706967,0.019,0,1.88041008873623e-21,"4","AU021092",0.019
"233",3.18346002867252e-23,6.20352138203455,0.019,0,4.22413311204557e-19,"4","Wscd1",0.019
"234",2.95863271752864e-40,6.18764652734024,0.036,0.001,3.92580975288875e-36,"4","Gja5",0.035
"235",2.55954727132772e-26,6.17102642485584,0.023,0,3.39626327432475e-22,"4","Flt4",0.023
"236",1.34356269747919e-22,6.16470992716946,0.032,0.002,1.78277334328513e-18,"4","Arhgef26",0.03
"237",0,6.14341816569032,0.374,0.015,0,"4","Cav1",0.359
"238",3.47798541232199e-57,6.12858573732466,0.057,0.002,4.61493884361004e-53,"4","Gja4",0.055
"239",5.26828379413224e-87,6.10761205271074,0.091,0.003,6.99048576643407e-83,"4","Myzap",0.088
"240",9.4818082664676e-269,6.06337690848816,0.25,0.006,1.25814113887759e-264,"4","Esam",0.244
"241",2.93707404947547e-16,6.05227034985512,0.015,0,3.897203556249e-12,"4","Plscr2",0.015
"242",8.08679874072252e-55,6.04413079876723,0.042,0,1.07303732490647e-50,"4","Mall",0.042
"243",5.53416599888499e-125,6.03456624756076,0.121,0.003,7.3432848639205e-121,"4","Gimap1",0.118
"244",1.24900543159986e-126,5.96052432548843,0.129,0.004,1.65730530718985e-122,"4","Kdr",0.125
"245",8.11109916982446e-304,5.95881639247633,0.327,0.013,1.07626174884401e-299,"4","Sparcl1",0.314
"246",7.95502039197601e-26,5.94448674012222,0.021,0,1.0555516558113e-21,"4","Lrg1",0.021
"247",5.96219075374452e-27,5.94002162731448,0.025,0.001,7.91123091114361e-23,"4","Ephb1",0.024
"248",6.15455312870049e-48,5.89671561059355,0.068,0.005,8.16647654647269e-44,"4","Mmrn2",0.063
"249",1.29801375724967e-240,5.88533269144326,0.24,0.007,1.72233445449459e-236,"4","Pecam1",0.233
"250",6.39439214751517e-23,5.86142356385204,0.017,0,8.48471894053787e-19,"4","Wipf3",0.017
"251",0,12.5021248839112,0.323,0,0,"5","Slc45a3",0.323
"252",0,11.899471780898,0.256,0,0,"5","Gm11697",0.256
"253",2.40560171688114e-148,11.4629343089996,0.105,0,3.19199291812958e-144,"5","Mrgprb1",0.105
"254",0,11.4476131541301,0.248,0,0,"5","Cd200r4",0.248
"255",1.12456094767485e-136,11.0107854895621,0.09,0,1.49217992146975e-132,"5","Ctsg",0.09
"256",1.41846921604791e-305,10.8814141461632,0.203,0,1.88216680277397e-301,"5","Ccr8",0.203
"257",3.65590017489456e-159,10.7210569579306,0.105,0,4.8510139420676e-155,"5","Mrgprb2",0.105
"258",6.06257852285644e-238,10.4483403724644,0.158,0,8.04443544197821e-234,"5","A530099J19Rik",0.158
"259",6.52977389577133e-193,10.0775302496348,0.128,0,8.66435698229898e-189,"5","Gfi1",0.128
"260",3.35698778735144e-193,10.0629142505897,0.135,0,4.45438709503663e-189,"5","Slc30a2",0.135
"261",3.63689855954006e-204,10.019083050436,0.135,0,4.82580069865371e-200,"5","Slc22a3",0.135
"262",6.52977389577133e-193,9.95263177877734,0.128,0,8.66435698229898e-189,"5","Ksr2",0.128
"263",8.50863102249384e-195,9.90478916014365,0.188,0.002,1.12901025037471e-190,"5","AW011738",0.186
"264",1.12456094767485e-136,9.8838207621579,0.09,0,1.49217992146975e-132,"5","4932438H23Rik",0.09
"265",1.12456094767485e-136,9.81380730373866,0.09,0,1.49217992146975e-132,"5","Ms4a2",0.09
"266",0,9.7520263768858,0.368,0.001,0,"5","Gcsam",0.367
"267",1.9602000056154e-125,9.73405188485853,0.083,0,2.60098938745107e-121,"5","Krt4",0.083
"268",2.04802000935461e-185,9.70587226575187,0.143,0,2.71751775041263e-181,"5","Atp8b5",0.143
"269",1.12456094767485e-136,9.52246113359307,0.09,0,1.49217992146975e-132,"5","Asb17",0.09
"270",3.11404335693097e-262,9.5028311923014,0.301,0.004,4.1320241303117e-258,"5","Mcpt4",0.297
"271",8.64936119210377e-272,9.42973877824719,0.188,0,1.14768373658025e-267,"5","Bfsp2",0.188
"272",2.40560171688114e-148,9.28199413711458,0.105,0,3.19199291812958e-144,"5","Rgs9",0.105
"273",3.4056066167461e-114,9.23172836205815,0.075,0,4.5188994197604e-110,"5","Il13",0.075
"274",6.42621776163153e-148,9.21031428070811,0.098,0,8.52694834790888e-144,"5","Ccl17",0.098
"275",1.68204663866553e-92,9.18609867779758,0.068,0,2.23190768484529e-88,"5","1700097N02Rik",0.068
"276",1.9602000056154e-125,9.13237655611931,0.083,0,2.60098938745107e-121,"5","Il5ra",0.083
"277",1.12456094767485e-136,9.10701128642782,0.09,0,1.49217992146975e-132,"5","Gm35996",0.09
"278",0,9.10293633521551,0.376,0.001,0,"5","Sytl3",0.375
"279",1.6387899218504e-260,8.97000426852405,0.18,0,2.17451034730329e-256,"5","Nkg7",0.18
"280",0,8.96000863113155,0.94,0.024,0,"5","Cpa3",0.916
"281",1.70500361930424e-92,8.91249667696149,0.068,0,2.2623693024548e-88,"5","Pdcd1lg2",0.068
"282",7.17469439042235e-102,8.84799658972031,0.09,0.001,9.52010198665142e-98,"5","Frmpd1",0.089
"283",8.51902987513922e-115,8.79781072248319,0.083,0,1.13039007413222e-110,"5","Tmigd3",0.083
"284",0,8.79150874868814,0.436,0.001,0,"5","Cst7",0.435
"285",0,8.71561778126413,0.925,0.021,0,"5","Tpsb2",0.904
"286",0,8.71331535745576,0.421,0.001,0,"5","Il4",0.42
"287",0,8.6392688543035,0.97,0.057,0,"5","Cma1",0.913
"288",0,8.61162655585174,0.248,0.001,0,"5","Poln",0.247
"289",0,8.51608262066225,0.985,0.032,0,"5","Hdc",0.953
"290",2.55843565999958e-204,8.49049301386057,0.143,0,3.39478827725344e-200,"5","Prss34",0.143
"291",1.68204663866553e-92,8.45169932808591,0.068,0,2.23190768484529e-88,"5","Spn",0.068
"292",0,8.43820107609993,0.218,0,0,"5","Rgs13",0.218
"293",0,8.41634568942383,0.677,0.003,0,"5","Tph1",0.674
"294",0,8.40454623015372,0.346,0.001,0,"5","Padi2",0.345
"295",2.6189288878879e-100,8.35931747151866,0.098,0.001,3.47505674133845e-96,"5","Slc35d3",0.097
"296",2.2354119667353e-141,8.31252058191716,0.113,0,2.96616813866107e-137,"5","Aldh1l1",0.113
"297",0,8.22205994432794,0.263,0.001,0,"5","Tespa1",0.262
"298",0,8.21903471139809,0.271,0.001,0,"5","P2rx1",0.27
"299",1.213475547771e-70,8.21881923594925,0.075,0.001,1.61016070433734e-66,"5","Dnah14",0.074
"300",1.72827316462234e-92,8.20835527459199,0.068,0,2.29324566213738e-88,"5","Kcnq1",0.068
